Rank,Name,Number
1,Jacob,20153
2,Mason,19396
3,William,17151
4,Jayden,16861
5,Noah,16719
6,Michael,16598
7,Ethan,16567
8,Alexander,15591
9,Aiden,15389
10,Daniel,15138
11,Anthony,14181
12,Matthew,14051
13,Elijah,13817
14,Joshua,13601
15,Liam,13347
16,Andrew,13152
17,James,13133
18,David,13098
19,Benjamin,12942
20,Logan,12913
21,Christopher,12885
22,Joseph,12798
23,Jackson,12277
24,Gabriel,12226
25,Ryan,11424
26,Samuel,11198
27,John,10934
28,Nathan,10421
29,Lucas,10324
30,Christian,10228
31,Jonathan,10145
32,Caleb,9915
33,Dylan,9701
34,Landon,9700
35,Isaac,9508
36,Gavin,8971
37,Brayden,8962
38,Tyler,8759
39,Luke,8636
40,Evan,8584
41,Carter,8549
42,Nicholas,8517
43,Isaiah,8411
44,Owen,8281
45,Jack,8118
46,Jordan,8008
47,Brandon,7764
48,Wyatt,7626
49,Julian,7558
50,Aaron,7555
51,Jeremiah,7510
52,Angel,7491
53,Cameron,7448
54,Connor,7365
55,Hunter,7295
56,Adrian,7291
57,Henry,7166
58,Eli,7146
59,Justin,7061
60,Austin,6979
61,Robert,6904
62,Charles,6898
63,Thomas,6853
64,Zachary,6737
65,Jose,6730
66,Levi,6562
67,Kevin,6529
68,Sebastian,6502
69,Chase,6146
70,Ayden,6085
71,Jason,5797
72,Ian,5577
73,Blake,5572
74,Colton,5556
75,Bentley,5535
76,Dominic,5392
77,Xavier,5390
78,Oliver,5372
79,Parker,5249
80,Josiah,5207
81,Adam,5167
82,Cooper,5140
83,Brody,5039
84,Nathaniel,4906
85,Carson,4894
86,Jaxon,4700
87,Tristan,4681
88,Luis,4671
89,Juan,4660
90,Hayden,4552
91,Carlos,4158
92,Jesus,4140
93,Nolan,4140
94,Cole,4114
95,Alex,3999
96,Max,3928
97,Grayson,3907
98,Bryson,3902
99,Diego,3806
100,Jaden,3777
,,
Read more at https://names.mongabay.com/baby-names/application/top-M-US-2011.html#BXlJhAPw1wgVPFQE.99,,
